{
  "userId": "user-uuid-demo",
  "skills": [
    {
      "title": "Calculus",
      "desc": "Limits, integrals and problem solving",
      "languages": ["English"],
      "percent": 78,
      "image": "https://images.unsplash.com/photo-1522071820081-009f0129c71c?q=80&w=800&auto=format&fit=crop&ixlib=rb-4.0.3&s=1"
    },
    {
      "title": "Python",
      "desc": "Scripting, data analysis basics",
      "languages": ["English"],
      "percent": 65,
      "image": "https://images.unsplash.com/photo-1522202176988-66273c2fd55f?q=80&w=800&auto=format&fit=crop&ixlib=rb-4.0.3&s=1"
    }
  ]
}
